{"Diagnostics & Research": {"sales": 6.391378068928573, "book": 15.144657674285712, "margins": 0.20297535750000004}, "Insurance\u2014Life": {"sales": 1.1123224357142856, "book": 1.09954063, "margins": 0.10488142842857141}, "Specialty Retail": {"sales": 1.443370820909091, "book": 6.8370004045454555, "margins": 0.048774545}, "Building Products & Equipment": {"sales": 2.499908345652174, "book": 5.704130586956523, "margins": 0.08678304239130434}, "Consumer Electronics": {"sales": 3.6114617342857143, "book": 9.089615942857144, "margins": 0.086808572}, "REIT\u2014Diversified": {"sales": 9.769295841176474, "book": 2.2868301, "margins": 0.2541794152352941}, "Airports & Air Services": {"sales": 0.5654478725000001, "book": 0.3846674525, "margins": 0.118505}, "Asset Management": {"sales": 25.856536202325575, "book": 1.4414045788372087, "margins": 3.115991374983387}, "Electrical Equipment & Parts": {"sales": 1.81557822625, "book": 3.2039103749999995, "margins": 0.0698493758125}, "Drug Manufacturers\u2014General": {"sales": 4.723922664285714, "book": 8.123019099999999, "margins": 0.17637214321428574}, "Banks\u2014Regional": {"sales": 3.9572928530000016, "book": 11.989167328651716, "margins": 0.28554223065354334}, "Beverages\u2014Brewers": {"sales": 3.511396883333333, "book": 4.9960333666666665, "margins": 0.11983666500000001}, "Auto & Truck Dealerships": {"sales": 0.5391628972727273, "book": 2.7094570090909085, "margins": 0.04089818127272727}, "Specialty Business Services": {"sales": 3.405510838, "book": 3.5654393193333336, "margins": 0.09253866666666669}, "Medical Devices": {"sales": 7.469310495652174, "book": 7.344032226086957, "margins": 0.24036521789130433}, "REIT\u2014Mortgage": {"sales": 5.1547167625, "book": 1.1042076391666666, "margins": 0.6855416620000002}, "Capital Markets": {"sales": 5.7057167324, "book": 4.279476866266666, "margins": 0.37725201290000004}, "Infrastructure Operations": {"sales": 1.6257962, "book": 1.6066475, "margins": 0.04815}, "REIT\u2014Residential": {"sales": 9.94332878, "book": 3.8017815733333338, "margins": 0.13237800156666665}, "Business Equipment & Supplies": {"sales": 1.3017215933333333, "book": 4.0287848833333335, "margins": 0.04038666666666666}, "Insurance\u2014Diversified": {"sales": 1.3138725984615387, "book": 0.8502933350769231, "margins": 0.2540015442307692}, "Software\u2014Infrastructure": {"sales": 6.867141464285714, "book": 9.345504292857145, "margins": 0.22566714235714283}, "Semiconductor Equipment & Materials": {"sales": 6.7459700666666675, "book": 7.2104460476190475, "margins": 0.15136333547619046}, "Information Technology Services": {"sales": 5.107691862923076, "book": 14.787272596666666, "margins": 0.08180307614102564}, "Biotechnology": {"sales": 47.47862757499999, "book": 5.707315847222222, "margins": 1.5778019391666673}, "Household & Personal Products": {"sales": 2.9427213473684213, "book": 24.990949894736836, "margins": 0.10427842089473684}, "REIT\u2014Retail": {"sales": 8.037704047619048, "book": 2.849881842857143, "margins": 0.20180333419047622}, "Semiconductors": {"sales": 5.903102472374998, "book": 6.330247905174998, "margins": 0.17086849977500002}, "Farm Products": {"sales": 1.2159072294, "book": 1.434186046, "margins": 0.0827619997}, "Staffing & Employment Services": {"sales": 2.5723937672222217, "book": 7.335182149999999, "margins": 0.0958616665}, "Credit Services": {"sales": 4.427841122351352, "book": 5.699764401324325, "margins": 0.3056854047027027}, "Software\u2014Application": {"sales": 9.154307302807018, "book": 11.996079882456137, "margins": 0.14654859522807018}, "Communication Equipment": {"sales": 2.610636994, "book": 4.956539526000001, "margins": 0.07872040020400001}, "Medical Care Facilities": {"sales": 2.5900231144999997, "book": 24.578796994999998, "margins": 0.07468050130000001}, "Oil & Gas Integrated": {"sales": 0.5864037366666667, "book": 0.6438562, "margins": 0.015240000333333335}, "Utilities\u2014Regulated Electric": {"sales": 2.484762910888485, "book": 1.9437840952469698, "margins": 0.1624812118181818}, "Gold": {"sales": 5.591900763478264, "book": 2.061305425, "margins": 0.20830999952173918}, "Apparel Retail": {"sales": 2.083364186, "book": 6.581236173333334, "margins": 0.04518000006533333}, "Insurance\u2014Property & Casualty": {"sales": 1.83012606, "book": 1.710438563235294, "margins": 0.12043147075588238}, "Silver": {"sales": 7.32964726, "book": 3.7403029400000003, "margins": 0.122560001}, "Farm & Heavy Construction Machinery": {"sales": 1.7891539484615384, "book": 3.666133138461539, "margins": 0.04934923069230769}, "Insurance\u2014Specialty": {"sales": 1.9621608491666667, "book": 1.3278101666666666, "margins": 0.18633000049999995}, "Engineering & Construction": {"sales": 1.2803504036363635, "book": 3.1311403650000003, "margins": 0.04042590940909091}, "Specialty Industrial Machinery": {"sales": 3.4520304527407415, "book": 5.531567859999999, "margins": 0.09538759300370371}, "Textile Manufacturing": {"sales": 2.09532455, "book": 2.6353682, "margins": 0.11395}, "Aerospace & Defense": {"sales": 3.5129527791999995, "book": 5.003359072, "margins": 0.09698200063199997}, "Industrial Distribution": {"sales": 1.8076836564285714, "book": 6.326107557142857, "margins": 0.04570285749999999}, "Insurance Brokers": {"sales": 4.1430312625, "book": 6.6574402500000005, "margins": 0.13041125}, "Rental & Leasing Services": {"sales": 2.0365005571428574, "book": 3.946744314285715, "margins": 0.11307999928571426}, "Specialty Chemicals": {"sales": 2.561875859705882, "book": 4.857927529411764, "margins": 0.07693588279411766}, "Utilities\u2014Diversified": {"sales": 2.222286134, "book": 1.7948337713333333, "margins": 0.1349606658}, "Security & Protection Services": {"sales": 3.0050601233333336, "book": 8.925190066666666, "margins": 0.07220444555555555}, "Computer Hardware": {"sales": 2.2583480585454545, "book": 12.491728627999999, "margins": 0.07421000054545455}, "Auto Parts": {"sales": 2.2505925115789474, "book": 6.873428736842105, "margins": 0.06837157868421054}, "Oil & Gas Midstream": {"sales": 3.169490757780488, "book": 2.9251479493658543, "margins": 0.2561668272195122}, "Packaging & Containers": {"sales": 1.4646227506666663, "book": 8.181739166666667, "margins": 0.05704400006666666}, "Broadcasting": {"sales": 1.1473201179999999, "book": 1.9078675481249998, "margins": 0.13355000000000003}, "Electronic Components": {"sales": 2.445724222222222, "book": 3.512409096296296, "margins": 0.055155925574074074}, "Telecom Services": {"sales": 3.1436052782300004, "book": 2.7383833650346427, "margins": 0.13088964264285713}, "Drug Manufacturers\u2014Specialty & Generic": {"sales": 4.432379380764706, "book": 6.2843940008235295, "margins": 0.15191941258823527}, "REIT\u2014Specialty": {"sales": 12.803168807692305, "book": 7.124570876923077, "margins": 0.2529115359230769}, "Furnishings, Fixtures & Appliances": {"sales": 1.5999400515384616, "book": 5.959060776923077, "margins": 0.05120846113846153}, "Internet Retail": {"sales": 3.789061631111111, "book": 12.082423477777777, "margins": 0.10086666377777778}, "Food Distribution": {"sales": 0.09893925240000001, "book": 1.61272174, "margins": 0.005899999848}, "Healthcare Plans": {"sales": 0.6425185922222221, "book": 2.925017677777778, "margins": 0.04333000011111111}, "Metal Fabrication": {"sales": 1.747792815, "book": 2.567380875, "margins": 0.08594499887499998}, "Chemicals": {"sales": 1.9852315393333333, "book": 2.5825572266666668, "margins": 0.108193334668}, "Education & Training Services": {"sales": 1.5404042855555555, "book": 1.4880196666666667, "margins": 0.08893555544444445}, "Utilities\u2014Renewable": {"sales": 4.9544169799999995, "book": 2.0739047200000003, "margins": 0.2077300042}, "Pollution & Treatment Controls": {"sales": 2.9755351999999995, "book": 3.8403463499999995, "margins": 0.1011550005}, "Trucking": {"sales": 1.541647235, "book": 3.1216463642857137, "margins": 0.06097857071428571}, "REIT\u2014Office": {"sales": 8.714857331578948, "book": 7.7498107563157905,