{"KEP": 0.00021546945, "WF": 0.0003104273, "SHG": 0.0004429714, "KB": 0.0004543028, "KT": 0.0005173148, "PKX": 0.0005527544, "LPL": 0.00064212625, "SKM": 0.00085411617, "EDN": 0.0026225357, "YPF": 0.0027124812, "IRS": 0.0029763859, "CEPU": 0.0034247797, "IRCP": 0.003560001, "SMFG": 0.0043583233, "MFG": 0.0044550276, "MUFG": 0.0044680363, "SUPV": 0.0047912477, "GRVY": 0.0051848413, "TEO": 0.006284421, "NMR": 0.006365148, "HMC": 0.006439633, "BMA": 0.0066022985, "GGAL": 0.007026663, "IX": 0.007240214, "VEL": 0.007580998, "CAJ": 0.009340268, "TGS": 0.010237934, "CRESY": 0.010381486, "TM": 0.010614289, "TAK": 0.011642484, "LOMA": 0.016882341, "QIWI": 0.021898385, "TTM": 0.025299273, "VEDL": 0.025838068, "AZRE": 0.037611794, "IBN": 0.039877098, "QD": 0.045499004, "HNP": 0.04578, "SHIPW": 0.04646681, "WEI": 0.047271743, "SIFY": 0.04902854, "IBA": 0.0499948, "BSMX": 0.05016665, "PHI": 0.05028225, "JT": 0.053341184, "CXDC": 0.05443641, "MDGS": 0.05499686, "JP": 0.055659164, "IMOS": 0.056030717, "PTR": 0.060147386, "CNF": 0.061263774, "SSL": 0.06538159, "YTRA": 0.06653902, "FEDU": 0.06903285, "RDY": 0.07074553, "CYD": 0.07134084, "YNDX": 0.07329106, "ASX": 0.07444935, "BORR": 0.076903515, "ITP": 0.07783211, "SECO": 0.07854673, "FENG": 0.078764684, "WIT": 0.07880527, "YRD": 0.08247927, "CHT": 0.0840896, "SNP": 0.08503488, "CMCM": 0.0869695, "ESGRO": 0.08969826, "SHI": 0.09064057, "IPLDP": 0.090902954, "XYF": 0.091819994, "ESGRP": 0.093089476, "UMC": 0.09315504, "KOF": 0.093328476, "ICD": 0.096818425, "TV": 0.098994985, "HMY": 0.099818155, "MOGU": 0.10062479, "OXBRW": 0.101428576, "PHIOW": 0.10168739, "DXF": 0.10175438, "CANG": 0.10289723, "SIM": 0.103098065, "FFHL": 0.11841615, "ONEW": 0.11921996, "FMX": 0.12159478, "TNP": 0.1226158, "WPG": 0.12882759, "LFC": 0.12907124, "OZON": 0.13500245, "BHFAP": 0.13518342, "GNW": 0.14483303, "CBD": 0.14487363, "ASR": 0.15135022, "CEA": 0.15282154, "SFUN": 0.15720631, "YY": 0.15778139, "BEDU": 0.16024718, "TWNKW": 0.16422334, "JKS": 0.16579951, "ZNH": 0.1659864, "KBSF": 0.16642548, "ACOR": 0.17400487, "BH": 0.17402741, "EBR": 0.17530374, "CO": 0.17773968, "ACH": 0.17858462, "XIN": 0.18470643, "MOMO": 0.19911067, "GASS": 0.1991551, "PBR": 0.20259696, "NNA": 0.20381525, "VIV": 0.20545119, "RIG": 0.20824365, "SMLP": 0.20906635, "TC": 0.21651195, "CIG": 0.22156572, "AMOV": 0.22176711, "DSS": 0.22270115, "DRD": 0.22323528, "AMX": 0.22410765, "OMAB": 0.22492509, "GURE": 0.22844563, "BHF": 0.23752537, "SBS": 0.23869498, "PAC": 0.24248216, "SMHI": 0.24276377, "EVK": 0.24782464, "HGSH": 0.25012827, "NES": 0.2536306, "GLOP": 0.25392583, "TOUR": 0.25773656, "OSN": 0.25967553, "MBT": 0.27347395, "BSBR": 0.277027, "ALACW": 0.27832165, "BBDO": 0.28765935, "YJ": 0.2926992, "BBGI": 0.2991781, "BEST": 0.30044845, "ITCB": 0.30200002, "CGA": 0.30608666, "LND": 0.30698153, "PDS": 0.30772084, "TSM": 0.309318, "FAMI": 0.31334302, "NMM": 0.31640124, "GLBS": 0.31778133, "TUSK": 0.31805974, "CREG": 0.32993174, "APTS": 0.3348559, "BBD": 0.33504638, "BOKFL": 0.33747098, "SGMA": 0.34256378, "JOB": 0.34706262, "NWLI": 0.34738874, "GGB": 0.35003582, "FET": 0.35159793, "BBI": 0.3531933, "DSSI": 0.3542598, "BIDU": 0.357097, "APWC": 0.35776463, "GYRO": 0.3619307, "HUYA": 0.36305305, "VIOT": 0.36339715, "AMBO": 0.36656892, "SND": 0.3713833, "TANH": 0.3721527, "TRQ": 0.3748608, "NGL": 0.378125, "ITUB": 0.3795999, "NOAH": 0.3887812, "JOBS": 0.38974908, "FANH": 0.39094532, "REDU": 0.39466178, "HNRG": 0.39488968, "HEPA": 0.395144, "AEG": 0.3955511, "SALM": 0.39644969, "HDB": 0.39740005, "SY": 0.4083481, "FNHC": 0.408535, "NVFY": 0.41017225, "SVVC": 0.41166148, "WTFCM": 0.41609123, "BAP": 0.41890588, "UGP": 0.4214318, "GTT": 0.42174038, "USAP": 0.42607737, "AWX": 0.43103448, "CPAC": 0.4338011, "VERY": 0.4351436, "WINT": 0.43917271, "AGFS": 0.4402026, "CAAS": 0.44057792, "NEW": 0.44362295, "BZUN": 0.45312518, "YQ": 0.4531497, "DLNG": 0.45539507, "ASC": 0.45581686, "HLX": 0.458999, "TNK": 0.4615529, "BRFS": 0.46190026, "CHNR": 0.46339828, "HALL": 0.4734105, "TCBIL": 0.47378343, "TCBIP": 0.47432452, "QFIN": 0.47512004, "IOR": 0.47835508, "HLG": 0.47848487, "PFIN": 0.48105726, "SQBG": 0.48364866, "AEL": 0.49072343, "TOPS": 0.4917492, "RMED": 0.49457178, "PME": 0.49837488, "TME": 0.49923864, "DB": 0.49925262, "TPC": 0.51061463, "PNBK": 0.5152517, "OSG": 0.51614374, "HRTG": 0.5197492, "CPLP": 0.5197989, "VALE": 0.52041346, "EXTN": 0.52425224, "BKEP": 0.5274261, "ATHM": 0.5276645, "AFI": 0.5315268, "MMAC": 0.5333123, "ZTO": 0.53544533, "CPTA": 0.53885525, "OIS": 0.5415132, "GDS": 0.5490127, "HCHC": 0.5509868, "CMLS": 0.5514838, "ENBL": 0.5519839, "VIPS": 0.55285656, "COHN": 0.55687094, "ASMB": 0.5586987, "AGO": 0.55903625, "ICMB": 0.55955076, "NGS": 0.5602699, "TRMT": 0.5606019, "VNET": 0.5626112, "SVT": 0.5659026, "EGO": 0.5703936, "CNFR": 0.5711794, "CDEV": 0.57124525, "CDR": 0.5730555, "STNG": 0.57314795, "UNM": 0.5737306, "INSW": 0.5755541, "TLC": 0.57744044, "MYT": 0.58076227, "BLX": 0.5818265, "RVI": 0.584754, "WTREP": 0.58521557, "NSEC": 0.58564895, "UTSI": 0.5890538, "CVE": 0.5891872, "NWHM": 0.5893658, "NC": 0.5899892, "CS": 0.5906055, "HHR": 0.5911524, "LNC": 0.591759, "GIGM": 0.59244126, "PAM": 0.5967413, "RGA": 0.59807855, "GTS": 0.5994187, "KTCC": 0.60108334, "AFIN": 0.6019519, "PXS": 0.602526, "JD": 0.602603, "ARC": 0.60272384, "TDS": 0.6067869, "HAPP": 0.60763884, "GIFI": 0.60775495, "BABA": 0.6141987, "DWSN": 0.6167742, "EZPW": 0.6174699, "UIHC": 0.6177648, "HMG": 0.61951697, "NVGS": 0.6222143, "EQT": 0.62434214, "XELB": 0.6266846, "PRU": 0.62695134, "NR": 0.6270934, "ANAT": 0.62812126, "TATT": 0.62956005, "VIST": 0.63024205, "RTLR": 0.6312684, "GBLI": 0.6318526, "SNFCA": 0.63243675, "AMBC": 0.63496774, "GSL": 0.6356457, "MDRR": 0.6413092, "TECK": 0.6439661, "REI": 0.6444122, "DXYN": 0.64523757, "ATH": 0.64602876, "ABEV": 0.6464608, "FLY": 0.6536604, "PGRE": 0.6547188, "MLND": 0.6551724, "CXW": 0.6566265, "AAME": 0.6576729, "TA": 0.65847576, "RNGR": 0.66225165, "AR": 0.6623943, "CNX": 0.66269475, "ICCH": 0.66299725, "ASRV": 0.66763896, "GEO": 0.6681456, "OPHC": 0.67361236, "PBHC": 0.6743211, "FWP": 0.6756638, "OCN": 0.6808056, "TDW": 0.68277466, "GLRE": 0.6838432, "TRMD": 0.6847914, "IAG": 0.68487954, "ARCE": 0.6884191, "HT": 0.69194853, "LPG": 0.69237894, "BPY": 0.6976311, "GEOS": 0.7016348, "NICK": 0.702077, "BCS": 0.7024848, "UNAM": 0.7041187, "BRY": 0.70860857, "CPLG": 0.7109422, "SHIP": 0.7137759, "ARLP": 0.7151204, "GHG": 0.72030574, "SGA": 0.7208676, "FSP": 0.72247064, "CLNC": 0.723217, "CNO": 0.72491765, "AIG": 0.72834045, "RYAM": 0.72835, "TCI": 0.72844, "SATS": 0.72910136, "NBR": 0.72970974, "USM": 0.733462, "TCFCP": 0.73614717, "WTRE": 0.737298, "HSBC": 0.738362, "TK": 0.7393404, "ENIC": 0.7402597, "GSV": 0.7424877, "WVFC": 0.7452229, "SBT": 0.74568903, "OPINI": 0.7460952, "HOLI": 0.74617666, "PNNT": 0.7469825, "NXTC": 0.7471372, "TRT": 0.7472748, "ABIO": 0.752077, "CVEO": 0.7547526, "STSA": 0.7558719, "FUSB": 0.75637513, "CPG": 0.75854295, "BTU": 0.7594937, "AE": 0.7600281, "EQS": 0.7603041, "ARL": 0.7629391, "MFGP": 0.76354164, "CDOR": 0.7660192, "PVL": 0.7674418, "ELP": 0.77049625, "FRBK": 0.77202374, "RBCN": 0.7727788, "GRIN": 0.77422535, "FFBW": 0.77781606, "AJX": 0.7787392, "MFA": 0.78010374, "GLG": 0.780303, "NCSM": 0.7814515, "CXP": 0.7837922, "MET": 0.7863473, "DSWL": 0.78962994, "AAOI": 0.78972685, "AMS": 0.7902644, "WVVIP": 0.7904633, "MUR": 0.7905383, "CLS": 0.7910067, "WMC": 0.7926102, "OFS": 0.79382485, "BCML": 0.79475343, "TRTX": 0.7951997, "PTEN": 0.79571897, "WMPN": 0.7957672, "PZG": 0.79579574, "WLFC": 0.79630363, "VOYA": 0.79925287, "TESS": 0.8004524, "IROQ": 0.80276823, "EIC": 0.802844, "CPSS": 0.8030691, "ESSA": 0.8037383, "JAN": 0.8071183, "AYTU": 0.80926687, "IVC": 0.8116749, "MESA": 0.81217897, "DGICB": 0.81245345, "ARR": 0.8134718, "JEF": 0.81485415, "PLM": 0.814936, "ACB": 0.81530637, "OVBC": 0.8167947, "ELVT": 0.8194566, "RETO": 0.81991214, "VRS": 0.82057744, "CETX": 0.8223872, "BHR": 0.8224043,