{"PZG": -469.2159, "PTN": -279.59964, "TPHS": -190.55353, "PLUG": -175.66853, "NRZ": -32.851475, "LYL": -32.49795, "NYMT": -8.442578, "NYMTN": -6.405425, "NYMTP": -6.2758164, "NYMTO": -6.264648, "MFA": -3.9255755, "TWO": -3.6831741, "UXIN": -3.6522434, "FGF": -2.3842468, "IMH": -1.3866572, "WMC": -0.69955754, "MITT": -0.5287081, "IVR": -0.47652546, "KEP": 0.00025540232, "KT": 0.00029767124, "LPL": 0.0003072075, "PKX": 0.00042020372, "WF": 0.0010387527, "SKM": 0.0010956532, "KB": 0.00156529, "SHG": 0.0016864649, "MTL": 0.002032676, "GRVY": 0.0022595096, "SHIPW": 0.0026167496, "YPF": 0.0027447261, "EDN": 0.0031159844, "IRS": 0.0036759025, "HMC": 0.0040763295, "CRESY": 0.005435158, "BBAR": 0.0064311624, "SUPV": 0.0068082414, "TTM": 0.007055056, "CAJ": 0.007869004, "TEO": 0.00796933, "TM": 0.008599122, "MKD": 0.009360584, "IX": 0.009498192, "GGAL": 0.011422263, "TGS": 0.012098819, "NMR": 0.012121712, "CEPU": 0.012960057, "SONY": 0.0141518945, "MRM": 0.014434072, "MBT": 0.015876543, "MFG": 0.01607556, "VEDL": 0.017013913, "TAK": 0.017058603, "QIWI": 0.017167265, "BEST": 0.017257191, "BMA": 0.01758133, "MUFG": 0.020281581, "SIFY": 0.023803055, "SMFG": 0.02896733, "SNEX": 0.03035817, "LOMA": 0.03123425, "CYD": 0.031247478, "HNP": 0.03168724, "IBA": 0.031784844, "SECO": 0.032095373, "PHI": 0.032515567, "ASX": 0.03451275, "YTRA": 0.03706788, "SNP": 0.037342306, "CBD": 0.038368236, "RAD": 0.04168739, "QK": 0.04240005, "CXDC": 0.043888003, "JKS": 0.04796465, "GTT": 0.0490652, "UGP": 0.0491626, "AMOV": 0.049601197, "AMX": 0.050124694, "WEI": 0.050485667, "IMOS": 0.051143765, "SSL": 0.056061313, "KOF": 0.05736045, "FMX": 0.058642022, "NGL": 0.060627718, "DIT": 0.060832646, "QUAD": 0.061572354, "IBN": 0.061683156, "PTR": 0.06325396, "XIN": 0.06329579, "WIT": 0.063798964, "RDY": 0.06391623, "NEW": 0.06505732, "AEHL": 0.0654898, "SHI": 0.06719993, "ACH": 0.06742515, "AZRE": 0.06929553, "YJ": 0.06943961, "ONE": 0.07025016, "IRCP": 0.07044417, "METX": 0.07099204, "XELA": 0.07143914, "YELL": 0.072579175, "AENZ": 0.07294787, "TV": 0.074694544, "SGMA": 0.07570834, "JT": 0.07603384, "UNFI": 0.077649616, "YRD": 0.07864302, "SPTN": 0.07977517, "FFHL": 0.08010524, "TEN": 0.08192083, "TA": 0.08267054, "STG": 0.08320694, "AMRK": 0.08323302, "QH": 0.085477896, "HMY": 0.08636256, "JFU": 0.08910879, "VLRS": 0.09192531, "PAGP": 0.091942504, "VOLT": 0.094903834, "VIOT": 0.09520141, "MTBCP": 0.095626675, "BBU": 0.0962635, "WPG": 0.09650576, "COE": 0.0965375, "JAKK": 0.0970068, "RRD": 0.09708205, "AMBO": 0.09822423, "YNDX": 0.09890193, "ZEPP": 0.09971412, "BRFS": 0.09971718, "YI": 0.10021802, "LAIX": 0.10184861, "PT": 0.10216927, "SBSW": 0.10438065, "GLP": 0.10469539, "CAH": 0.10524612, "FENG": 0.10658039, "TEDU": 0.1070166, "STAF": 0.10767929, "INT": 0.10853021, "DUO": 0.11400697, "AE": 0.11541974, "QTT": 0.117494754, "BSMX": 0.117744245, "ABC": 0.120358914, "TESS": 0.12275139, "EVK": 0.12464402, "CELP": 0.12614086, "ACI": 0.12705387, "ANDE": 0.1271996, "UMC": 0.12750518, "XYF": 0.1283316, "AEG": 0.12904146, "MCK": 0.13015576, "PBF": 0.13130753, "HYW": 0.13176437, "DXYN": 0.13491829, "BAK": 0.13539743, "ALJJ": 0.1386476, "SGRP": 0.1391748, "BXC": 0.14174454, "SQBG": 0.14237358, "BEDU": 0.14280318, "HDB": 0.1457015, "VRTV": 0.14872074, "CORE": 0.14923923, "QD": 0.14979188, "LX": 0.15142459, "COHN": 0.15150124, "MMLP": 0.15193433, "LFC": 0.15198396, "CHT": 0.1527432, "KTCC": 0.15456304, "VIPS": 0.15467833, "TPC": 0.15482205, "JD": 0.15500115, "ZNH": 0.15610829, "ELP": 0.15731546, "CIG": 0.15851545, "SUP": 0.16076341, "GTS": 0.16091593, "NSYS": 0.16099054, "FEDU": 0.1633247, "CYH": 0.16415115, "HALL": 0.16442102, "IEA": 0.16488434, "SUMR": 0.16895778, "FLR": 0.16909875, "JP": 0.16910988, "BWMX": 0.17189346, "VLGEA": 0.17687336, "STRR": 0.17757921, "IPLDP": 0.17848659, "GTX": 0.17978115, "LMB": 0.1801854, "RYI": 0.18076792, "APWC": 0.18113995, "NNA": 0.18601133, "ZVO": 0.18720709, "STCN": 0.1885703, "TAST": 0.19236302, "MOMO": 0.19413623, "FNHC": 0.19550411, "APRN": 0.19555563, "TK": 0.1960176, "CLS": 0.19795048, "SAH": 0.19860049, "TC": 0.19887425, "REDU": 0.20389938, "DRD": 0.2039386, "OZON": 0.20507714, "KR": 0.20596434, "NINE": 0.20607062, "MOHO": 0.20644179, "SJ": 0.20735176, "CMCM": 0.20825267, "CLMT": 0.21142808, "CEA": 0.21188179, "CPS": 0.21242306, "LIZI": 0.21366353, "LEE": 0.21557142, "WHLRP": 0.21557528, "JOAN": 0.21562964, "DK": 0.21701814, "GCI": 0.21764553, "ATTO": 0.21857019, "FANH": 0.21933633, "HBP": 0.21995622, "AFI": 0.22305496, "CNF": 0.2252888, "KELYB": 0.2266707, "SALM": 0.22840789, "KEQU": 0.22913897, "UK": 0.22974817, "KELYA": 0.23035717, "GGB": 0.23158295, "USAK": 0.2325828, "ACOR": 0.23392826, "CNFR": 0.2347325, "BTU": 0.23719281, "AMR": 0.23918256, "AVT": 0.23960033, "OSN": 0.2404569, "ODP": 0.24131967, "AIH": 0.2413256, "GNW": 0.24197596, "NWHM": 0.24487482, "HHR": 0.24551076, "BLCT": 0.24811092, "NGVC": 0.25149083, "PFGC": 0.25287327, "EXTN": 0.25295287, "TSRI": 0.25318125, "KRKR": 0.25320143, "TNP": 0.25423586, "CLW": 0.2565221, "CETXP": 0.25676584, "IMKTA": 0.25842917, "AHC": 0.25845107, "SNX": 0.25967172, "SCSC": 0.2608806, "PBR": 0.26090947, "GPI": 0.26253536, "ORN": 0.26314768, "EXPR": 0.26374283, "GEO": 0.26498708, "CIH": 0.26621756, "JFIN": 0.2692607, "CMLS": 0.26931575, "DOYU": 0.27028888, "BNED": 0.27124456, "PARR": 0.27136633, "AWX": 0.27226946, "VNTR": 0.27285483, "AXL": 0.27299905, "WHLRD": 0.27635556, "DBD": 0.2772696, "CSU": 0.27816403, "MTEX": 0.2793612, "FET": 0.27962267, "MDCA": 0.2813218, "UFAB": 0.28146356, "CAAS": 0.28158113, "ASPS": 0.28192934, "SENEB": 0.28238308, "PAE": 0.28487942, "RCMT": 0.2850672, "SRLP": 0.28539273, "SENEA": 0.287859, "FINV": 0.28914407, "HUIZ": 0.2902802, "UIHC": 0.2905858, "RYAM": 0.2921537, "OCN": 0.29498452, "JBL": 0.29594764, "BG": 0.2961879, "FTI": 0.29826653, "CCLP": 0.30294517, "CTK": 0.3043487, "SBS": 0.30484033, "SGU": 0.30718726, "ARC": 0.3074885, "NES": 0.30847263, "RLGY": 0.30848914, "GIFI": 0.30915406, "NM": 0.3097645, "ARW": 0.3132221, "ICON": 0.3135704, "TISI": 0.31381184, "HCHC": 0.31483373, "LAZY": 0.31662256, "USX": 0.3170916, "TIMB": 0.31727386, "BBBY": 0.31922197, "WBA": 0.32138714, "CJJD": 0.32142547, "SID": 0.32189035, "HNRG": 0.32233626, "BZUN": 0.32414055, "DSKE": 0.3249736, "M": 0.32503074, "MOGU": 0.32507446, "SUN": 0.32524994, "LIVE": 0.3252555, "PAG": 0.32562518, "HUYA": 0.32575917, "VIRC": 0.32686287, "WMK": 0.3269625, "RMBL": 0.32787657, "ECHO": 0.32864428, "VIV": 0.32879588, "PAA": 0.32894006, "HWCC": 0.33074397, "IVC": 0.33080083, "ARKO": 0.33089888, "AIRT": 0.33186182, "QFIN": 0.3324545, "SCX": 0.33695084, "BZH": 0.33823952, "ELVT": 0.33964756, "ZEUS": 0.34334838, "WYY": 0.34473976, "SYNL": 0.34651434, "FOA": 0.35049915, "SNFCA": 0.35156995, "CAPL": 0.3516542, "PKOH": 0.3525517, "REV": 0.3541792, "PLIN": 0.35662025, "IMBI": 0.35662827, "MTRX": 0.36074293, "CGA": 0.36186472, "GT": 0.3639836, "ADNT": 0.3644816, "DYNT": 0.36520645, "HOV": 0.36524215, "MUSA": 0.3654256, "BIG": 0.36544326, "NTCO": 0.36688074, "MAN": 0.37017393, "USFD": 0.3702921, "ICD": 0.3729849, "FHS": 0.3746228, "FDP": 0.37485147, "MRC": 0.37518427, "KSPN": 0.3755421, "KLXE": 0.37854692, "HRTG": 0.38135076, "LEJU": 0.38296637, "AN": 0.38310775, "GOL": 0.38362348, "IQ": 0.38604462, "AHPI": 0.38890308, "BBGI": 0.390107, "CTIB": 0.39067608, "OMI": 0.39152247, "AP": 0.39182112, "FSTR": 0.39278203, "SVT": 0.39283022, "AXAS": 0.39299333, "FLEX": 0.39304423, "SANM": 0.39413825, "NBR": 0.39425504, "UVE": 0.39464882, "HZN": 0.3948872, "BJ": 0.39490348, "THC": 0.39522022, "TSM": 0.3965982, "CHS": 0.39689177, "CNDT": 0.39692202, "CNC": 0.39722994, "SRT": 0.3973555, "VHI": 0.39741614, "NSEC": 0.39864272, "VEON": 0.3988425, "QRTEB": 0.40047273, "LCI": 0.40048718, "BQ": 0.4028474, "PBI": 0.40353552, "QRTEA": 0.40412855, "BWEN": 0.40468782, "ITP": 0.40627858, "LCUT": 0.40782368, "PFIN": 0.4084048, "VRS": 0.40883484, "CANG": 0.40889814, "FAMI": 0.40898833, "JILL": 0.4094668, "CTG": 0.41184825, "BDL": 0.41493213,